<?xml version="1.0" encoding="UTF-8" ?>
<!DOCTYPE log4j:configuration SYSTEM "log4j.dtd">
<log4j:configuration xmlns:log4j='http://jakarta.apache.org/log4j/'>
<appender name="FA" class="org.apache.log4j.FileAppender">
        <param name="file" value="C:/Users/Michael/Documents/Dundalk Year 3/Project 2/MyWebsite/MyWebsite/src/java/Report.log" />
        <param name="threshold" value="debug" />
        <layout class="org.apache.log4j.PatternLayout">
            <param name="ConversionPattern" value="%d{ISO8601} %-5p [%c{1}] - %m%n" />
        </layout>
</appender>
<root>
<level value="DEBUG" />
<appender-ref ref="FA" />
</root>
</log4j:configuration>